"quoteID","quoteText","subQuotationList","quoteByteSpans","speaker","addressees","quoteType","referringExpression","mentionTextsList","mentionSpansList","mentionEntitiesList"
"Q78","You must lend me these, Basil, I want to
learn them. They are perfectly charming.","['You must lend me these, Basil,', 'I want to\nlearn them. They are perfectly charming.']","[[29016, 29046], [29059, 29109]]","Dorian Gray","['Basil Hallward']","Anaphoric","he cried","[['You', 'Basil'], []]","[[[29016, 29019], [29040, 29045]], []]","[[['Basil Hallward'], ['Basil Hallward']], []]"
"Q79","That entirely depends on how you sit to-day, Dorian.","['That entirely depends on how you sit to-day, Dorian.']","[[29113, 29165]]","Basil Hallward","['Dorian Gray', 'Lord Henry']","Implicit","nan","[['you', 'Dorian']]","[[[29142, 29145], [29158, 29164]]]","[[['Dorian Gray'], ['Dorian Gray']]]"
"Q80","Oh, I am tired of sitting, and I don t want a life-sized portrait of
myself,","['Oh, I am tired of sitting, and I don t want a life-sized portrait of\nmyself,']","[[29169, 29245]]","Dorian Gray","['Basil Hallward']","Anaphoric","answered the lad","[[]]","[[]]","[[]]"
"Q81","I beg your
pardon, Basil, but I didn t know you had any one with you.","['I beg your\npardon, Basil, but I didn t know you had any one with you.']","[[29433, 29502]]","Dorian Gray","['Basil Hallward', 'Lord Henry']","Anaphoric","he started up","[['your', 'Basil', 'you', 'you']]","[[[29439, 29443], [29452, 29457], [29477, 29480], [29498, 29501]]]","[[['Basil Hallward'], ['Basil Hallward'], ['Basil Hallward'], ['Basil Hallward']]]"
"Q82","This is Lord Henry Wotton, Dorian, an old Oxford friend of mine. I
have just been telling him what a capital sitter you were, and now you
have spoiled everything.","['This is Lord Henry Wotton, Dorian, an old Oxford friend of mine. I\nhave just been telling him what a capital sitter you were, and now you\nhave spoiled everything.']","[[29506, 29668]]","Basil Hallward","['Dorian Gray', 'Lord Henry']","Implicit","nan","[['Lord Henry Wotton', 'Henry', 'Wotton', 'Dorian', 'an old Oxford friend of mine', 'him']]","[[[29514, 29531], [29519, 29524], [29525, 29531], [29533, 29539], [29541, 29569], [29596, 29599]]]","[[['Lord Henry'], ['Lord Henry'], ['Lord Henry'], ['Dorian Gray'], ['Henry'], ['Lord Henry']]]"
"Q83","You have not spoiled my pleasure in meeting you, Mr. Gray, My aunt has often
spoken to me about you. You are one of her favourites, and, I am
afraid, one of her victims also.","['You have not spoiled my pleasure in meeting you, Mr. Gray,', 'My aunt has often\nspoken to me about you. You are one of her favourites, and, I am\nafraid, one of her victims also.']","[[29672, 29730], [29791, 29906]]","Lord Henry","['Dorian Gray', 'Basil Hallward']","Explicit","said Lord Henry","[['You', 'you', 'Mr. Gray'], ['My aunt', 'you', 'You', 'her', 'her']]","[[[29672, 29675], [29716, 29719], [29721, 29729]], [[29791, 29798], [29828, 29831], [29833, 29836], [29848, 29851], [29889, 29892]]]","[[['Dorian Gray'], ['Dorian Gray'], ['Dorian Gray']], [['Lady Agatha'], ['Dorian Gray'], ['Dorian Gray'], ['Lady Agatha'], ['Lady Agatha']]]"
"Q84","I am in Lady Agatha s black books at present, I promised to go to a club in Whitechapel
with her last Tuesday, and I really forgot all about it. We were to
have played a duet together three duets, I believe. I don t know what
she will say to me. I am far too frightened to call.","['I am in Lady Agatha s black books at present,', 'I promised to go to a club in Whitechapel\nwith her last Tuesday, and I really forgot all about it. We were to\nhave played a duet together three duets, I believe. I don t know what\nshe will say to me. I am far too frightened to call.']","[[29910, 29955], [30006, 30238]]","Dorian Gray","['Basil Hallward', 'Lord Henry']","Explicit","answered Dorian","[['Lady Agatha'], ['her', 'We', 'she']]","[[[29918, 29929]], [[30053, 30056], [30105, 30107], [30186, 30189]]]","[[['Lady Agatha']], [['Lady Agatha'], ['Dorian Gray', 'Lady Agatha'], ['Lady Agatha']]]"
"Q85","Oh, I will make your peace with my aunt. She is quite devoted to you.
And I don t think it really matters about your not being there. The
audience probably thought it was a duet. When Aunt Agatha sits down to
the piano, she makes quite enough noise for two people.","['Oh, I will make your peace with my aunt. She is quite devoted to you.\nAnd I don t think it really matters about your not being there. The\naudience probably thought it was a duet. When Aunt Agatha sits down to\nthe piano, she makes quite enough noise for two people.']","[[30242, 30506]]","Lord Henry","['Dorian Gray', 'Basil Hallward']","Implicit","nan","[['your', 'my aunt', 'She', 'you', 'your', 'Aunt Agatha', 'she']]","[[[30258, 30262], [30274, 30281], [30283, 30286], [30307, 30310], [30354, 30358], [30426, 30437], [30462, 30465]]]","[[['Dorian Gray'], ['Lady Agatha'], ['Lady Agatha'], ['Dorian Gray'], ['Dorian Gray'], ['Lady Agatha'], ['Lady Agatha']]]"
"Q86","That is very horrid to her, and not very nice to me,","['That is very horrid to her, and not very nice to me,']","[[30510, 30562]]","Dorian Gray","['Basil Hallward', 'Lord Henry']","Explicit","answered Dorian","[['her']]","[[[30533, 30536]]]","[[['Lady Agatha']]]"
"Q87","You are too charming to go in for philanthropy, Mr. Gray far too
charming.","['You are too charming to go in for philanthropy, Mr. Gray far too\ncharming.']","[[30987, 31061]]","Lord Henry","['Dorian Gray', 'Basil Hallward']","Implicit","nan","[['You', 'Mr. Gray']]","[[[30987, 30990], [31035, 31043]]]","[[['Dorian Gray'], ['Dorian Gray']]]"
"Q88","Harry, I want to finish this picture to-day. Would you think it
awfully rude of me if I asked you to go away?","['Harry, I want to finish this picture to-day. Would you think it\nawfully rude of me if I asked you to go away?']","[[31345, 31454]]","Basil Hallward","['Dorian Gray', 'Lord Henry']","Anaphoric","he glanced at him hesitated for a moment and then said","[['Harry', 'you', 'you']]","[[[31345, 31350], [31396, 31399], [31439, 31442]]]","[[['Lord Henry'], ['Lord Henry'], ['Lord Henry']]]"
"Q89","Am I to go, Mr. Gray?","['Am I to go, Mr. Gray?']","[[31503, 31524]]","Lord Henry","['Dorian Gray', 'Basil Hallward']","Anaphoric","he asked","[['Mr. Gray']]","[[[31515, 31523]]]","[[['Dorian Gray']]]"
"Q90","Oh, please don t, Lord Henry. I see that Basil is in one of his sulky
moods, and I can t bear him when he sulks. Besides, I want you to tell
me why I should not go in for philanthropy.","['Oh, please don t, Lord Henry. I see that Basil is in one of his sulky\nmoods, and I can t bear him when he sulks. Besides, I want you to tell\nme why I should not go in for philanthropy.']","[[31538, 31722]]","Dorian Gray","['Basil Hallward', 'Lord Henry']","Implicit","nan","[['Lord Henry', 'Henry', 'Basil', 'his', 'him', 'he', 'you']]","[[[31556, 31566], [31561, 31566], [31579, 31584], [31598, 31601], [31632, 31635], [31641, 31643], [31667, 31670]]]","[[['Lord Henry'], ['Lord Henry'], ['Basil Hallward'], ['Basil Hallward'], ['Basil Hallward'], ['Basil Hallward'], ['Lord Henry']]]"
"Q91","I don t know that I shall tell you that, Mr. Gray. It is so tedious a
subject that one would have to talk seriously about it. But I certainly
shall not run away, now that you have asked me to stop. You don t
really mind, Basil, do you? You have often told me that you liked your
sitters to have some one to chat to.","['I don t know that I shall tell you that, Mr. Gray. It is so tedious a\nsubject that one would have to talk seriously about it. But I certainly\nshall not run away, now that you have asked me to stop. You don t\nreally mind, Basil, do you? You have often told me that you liked your\nsitters to have some one to chat to.']","[[31726, 32041]]","Lord Henry","['Dorian Gray', 'Basil Hallward']","Implicit","nan","[['you', 'Mr. Gray', 'you', 'You', 'Basil', 'you', 'You', 'you', 'your']]","[[[31757, 31760], [31767, 31775], [31897, 31900], [31924, 31927], [31947, 31952], [31957, 31960], [31962, 31965], [31990, 31993], [32000, 32004]]]","[[['Dorian Gray'], ['Dorian Gray'], ['Dorian Gray'], ['Basil Hallward'], ['Basil Hallward'], ['Basil Hallward'], ['Basil Hallward'], ['Basil Hallward'], ['Basil Hallward']]]"
"Q92","If Dorian wishes it, of course you must stay.
Dorian s whims are laws to everybody, except himself.","['If Dorian wishes it, of course you must stay.\nDorian s whims are laws to everybody, except himself.']","[[32067, 32166]]","Basil Hallward","['Dorian Gray', 'Lord Henry']","Implicit","nan","[['Dorian', 'you', 'Dorian']]","[[[32070, 32076], [32098, 32101], [32113, 32119]]]","[[['Dorian Gray'], ['Lord Henry'], ['Dorian Gray']]]"
"Q93","You are very pressing, Basil,
but I am afraid I must go. I have promised to meet a man at the
Orleans. Good-bye, Mr. Gray. Come and see me some afternoon in Curzon
Street. I am nearly always at home at five o clock. Write to me when
you are coming. I should be sorry to miss you.","['You are very pressing, Basil,\nbut I am afraid I must go. I have promised to meet a man at the\nOrleans. Good-bye, Mr. Gray. Come and see me some afternoon in Curzon\nStreet. I am nearly always at home at five o clock. Write to me when\nyou are coming. I should be sorry to miss you.']","[[32209, 32488]]","Lord Henry","['Dorian Gray', 'Basil Hallward']","Implicit","nan","[['You', 'Basil', 'Mr. Gray', 'you', 'you']]","[[[32209, 32212], [32232, 32237], [32322, 32330], [32442, 32445], [32484, 32487]]]","[[['Basil Hallward'], ['Basil Hallward'], ['Dorian Gray'], ['Dorian Gray'], ['Dorian Gray']]]"
"Q94","Basil, if Lord Henry Wotton goes, I shall go,
too. You never open your lips while you are painting, and it is
horribly dull standing on a platform and trying to look pleasant. Ask
him to stay. I insist upon it.","['Basil,', 'if Lord Henry Wotton goes, I shall go,\ntoo. You never open your lips while you are painting, and it is\nhorribly dull standing on a platform and trying to look pleasant. Ask\nhim to stay. I insist upon it.']","[[32492, 32498], [32520, 32723]]","Dorian Gray","['Basil Hallward', 'Lord Henry']","Explicit","cried Dorian Gray","[['Basil'], ['Lord Henry Wotton', 'Henry', 'Wotton', 'You', 'your', 'you', 'him']]","[[[32492, 32497]], [[32523, 32540], [32528, 32533], [32534, 32540], [32564, 32567], [32579, 32583], [32595, 32598], [32693, 32696]]]","[[['Basil Hallward']], [['Lord Henry'], ['Lord Henry'], ['Lord Henry'], ['Basil Hallward'], ['Basil Hallward'], ['Basil Hallward'], ['Lord Henry']]]"
"Q95","Stay, Harry, to oblige Dorian, and to oblige me, It is quite true, I never talk when I
am working, and never listen either, and it must be dreadfully tedious
for my unfortunate sitters. I beg you to stay.","['Stay, Harry, to oblige Dorian, and to oblige me,', 'It is quite true, I never talk when I\nam working, and never listen either, and it must be dreadfully tedious\nfor my unfortunate sitters. I beg you to stay.']","[[32727, 32775], [32825, 32980]]","Basil Hallward","['Dorian Gray', 'Lord Henry']","Explicit","said Hallward","[['Harry', 'Dorian'], ['you']]","[[[32733, 32738], [32750, 32756]], [[32968, 32971]]]","[[['Lord Henry'], ['Dorian Gray']], [['Lord Henry']]]"
"Q96","But what about my man at the Orleans?","['But what about my man at the Orleans?']","[[32984, 33021]]","Lord Henry","['Dorian Gray', 'Basil Hallward']","Implicit","nan","[[]]","[[]]","[[]]"
"Q97","I don t think there will be any difficulty about
that. Sit down again, Harry. And now, Dorian, get up on the platform,
and don t move about too much, or pay any attention to what Lord Henry
says. He has a very bad influence over all his friends, with the single
exception of myself.","['I don t think there will be any difficulty about\nthat. Sit down again, Harry. And now, Dorian, get up on the platform,\nand don t move about too much, or pay any attention to what Lord Henry\nsays. He has a very bad influence over all his friends, with the single\nexception of myself.']","[[33046, 33328]]","Basil Hallward","['Dorian Gray', 'Lord Henry']","Implicit","nan","[['Harry', 'Dorian', 'Lord Henry', 'Henry', 'He', 'his']]","[[[33117, 33122], [33133, 33139], [33225, 33235], [33230, 33235], [33242, 33244], [33279, 33282]]]","[[['Lord Henry'], ['Dorian Gray'], ['Lord Henry'], ['Lord Henry'], ['Lord Henry'], ['Lord Henry']]]"
"Q98","Have you really a very bad influence, Lord
Henry? As bad as Basil says?","['Have you really a very bad influence, Lord\nHenry? As bad as Basil says?']","[[33624, 33695]]","Dorian Gray","['Basil Hallward', 'Lord Henry']","Anaphoric","he said to him","[['you', 'Lord\nHenry', 'Henry', 'Basil']]","[[[33629, 33632], [33662, 33672], [33667, 33672], [33684, 33689]]]","[[['Lord Henry'], ['Lord Henry'], ['Lord Henry'], ['Basil Hallward']]]"
"Q99","There is no such thing as a good influence, Mr. Gray. All influence is
immoral immoral from the scientific point of view.","['There is no such thing as a good influence, Mr. Gray. All influence is\nimmoral immoral from the scientific point of view.']","[[33699, 33820]]","Lord Henry","['Dorian Gray', 'Basil Hallward']","Implicit","nan","[['Mr. Gray']]","[[[33743, 33751]]]","[[['Dorian Gray']]]"
"Q100","Why?","['Why?']","[[33824, 33828]]","Dorian Gray","['Basil Hallward', 'Lord Henry']","Implicit","nan","[[]]","[[]]","[[]]"
"Q101","Because to influence a person is to give him one s own soul. He does
not think his natural thoughts, or burn with his natural passions. His
virtues are not real to him. His sins, if there are such things as
sins, are borrowed. He becomes an echo of some one else s music, an
actor of a part that has not been written for him. The aim of life is
self-development. To realize one s nature perfectly that is what each
of us is here for. People are afraid of themselves, nowadays. They have
forgotten the highest of all duties, the duty that one owes to one s
self. Of course, they are charitable. They feed the hungry and clothe
the beggar. But their own souls starve, and are naked. Courage has gone
out of our race. Perhaps we never really had it. The terror of society,
which is the basis of morals, the terror of God, which is the secret of
religion these are the two things that govern us. And yet","['Because to influence a person is to give him one s own soul. He does\nnot think his natural thoughts, or burn with his natural passions. His\nvirtues are not real to him. His sins, if there are such things as\nsins, are borrowed. He becomes an echo of some one else s music, an\nactor of a part that has not been written for him. The aim of life is\nself-development. To realize one s nature perfectly that is what each\nof us is here for. People are afraid of themselves, nowadays. They have\nforgotten the highest of all duties, the duty that one owes to one s\nself. Of course, they are charitable. They feed the hungry and clothe\nthe beggar. But their own souls starve, and are naked. Courage has gone\nout of our race. Perhaps we never really had it. The terror of society,\nwhich is the basis of morals, the terror of God, which is the secret of\nreligion these are the two things that govern us. And yet']","[[33832, 34732]]","Lord Henry","['Dorian Gray', 'Basil Hallward']","Implicit","nan","[['their']]","[[[34474, 34479]]]","[[['Lord Henry']]]"
"Q102","Just turn your head a little more to the right, Dorian, like a good
boy,","['Just turn your head a little more to the right, Dorian, like a good\nboy,']","[[34736, 34808]]","Basil Hallward","['Dorian Gray', 'Lord Henry']","Anaphoric","said the painter","[['your', 'Dorian']]","[[[34746, 34750], [34784, 34790]]]","[[['Dorian Gray'], ['Dorian Gray']]]"
"Q103","And yet, I believe that if one man
were to live out his life fully and completely, were to give form to
every feeling, expression to every thought, reality to every dream I
believe that the world would gain such a fresh impulse of joy that we
would forget all the maladies of medi valism, and return to the
Hellenic ideal to something finer, richer than the Hellenic ideal, it
may be. But the bravest man amongst us is afraid of himself. The
mutilation of the savage has its tragic survival in the self-denial
that mars our lives. We are punished for our refusals. Every impulse
that we strive to strangle broods in the mind and poisons us. The body
sins once, and has done with its sin, for action is a mode of
purification. Nothing remains then but the recollection of a pleasure,
or the luxury of a regret. The only way to get rid of a temptation is
to yield to it. Resist it, and your soul grows sick with longing for
the things it has forbidden to itself, with desire for what its
monstrous laws have made monstrous and unlawful. It has been said that
the great events of the world take place in the brain. It is in the
brain, and the brain only, that the great sins of the world take place
also. You, Mr. Gray, you yourself, with your rose-red youth and your
rose-white boyhood, you have had passions that have made you afraid,
thoughts that have filled you with terror, day-dreams and sleeping
dreams whose mere memory might stain your cheek with shame","['And yet,', 'I believe that if one man\nwere to live out his life fully and completely, were to give form to\nevery feeling, expression to every thought, reality to every dream I\nbelieve that the world would gain such a fresh impulse of joy that we\nwould forget all the maladies of medi valism, and return to the\nHellenic ideal to something finer, richer than the Hellenic ideal, it\nmay be. But the bravest man amongst us is afraid of himself. The\nmutilation of the savage has its tragic survival in the self-denial\nthat mars our lives. We are punished for our refusals. Every impulse\nthat we strive to strangle broods in the mind and poisons us. The body\nsins once, and has done with its sin, for action is a mode of\npurification. Nothing remains then but the recollection of a pleasure,\nor the luxury of a regret. The only way to get rid of a temptation is\nto yield to it. Resist it, and your soul grows sick with longing for\nthe things it has forbidden to itself, with desire for what its\nmonstrous laws have made monstrous and unlawful. It has been said that\nthe great events of the world take place in the brain. It is in the\nbrain, and the brain only, that the great sins of the world take place\nalso. You, Mr. Gray, you yourself, with your rose-red youth and your\nrose-white boyhood, you have had passions that have made you afraid,\nthoughts that have filled you with terror, day-dreams and sleeping\ndreams whose mere memory might stain your cheek with shame']","[[34944, 34952], [35125, 36576]]","Lord Henry","['Dorian Gray', 'Basil Hallward']","Explicit","continued Lord Henry","[[], ['You', 'Mr. Gray', 'you', 'your', 'your', 'you', 'you', 'you', 'your']]","[[], [[36318, 36321], [36323, 36331], [36333, 36336], [36352, 36356], [36376, 36380], [36401, 36404], [36438, 36441], [36476, 36479], [36554, 36558]]]","[[], [['Dorian Gray'], ['Dorian Gray'], ['Dorian Gray'], ['Dorian Gray'], ['Dorian Gray'], ['Dorian Gray'], ['Dorian Gray'], ['Dorian Gray'], ['Dorian Gray']]]"
"Q104","Stop! stop! you bewilder me. I don t know what
to say. There is some answer to you, but I cannot find it. Don t speak.
Let me think. Or, rather, let me try not to think.","['Stop!', 'stop! you bewilder me. I don t know what\nto say. There is some answer to you, but I cannot find it. Don t speak.\nLet me think. Or, rather, let me try not to think.']","[[36580, 36585], [36610, 36773]]","Dorian Gray","['Basil Hallward', 'Lord Henry']","Explicit","faltered Dorian Gray","[[], ['you', 'you']]","[[], [[36616, 36619], [36683, 36686]]]","[[], [['Lord Henry'], ['Lord Henry']]]"
"Q105","Basil, I am tired of standing, I must go
out and sit in the garden. The air is stifling here.","['Basil, I am tired of standing,', 'I must go\nout and sit in the garden. The air is stifling here.']","[[38689, 38719], [38750, 38812]]","Dorian Gray","['Basil Hallward', 'Lord Henry']","Explicit","cried Dorian Gray","[['Basil'], []]","[[[38689, 38694]], []]","[[['Basil Hallward']], []]"
"Q106","My dear fellow, I am so sorry. When I am painting, I can t think of
anything else. But you never sat better. You were perfectly still. And
I have caught the effect I wanted the half-parted lips and the bright
look in the eyes. I don t know what Harry has been saying to you, but
he has certainly made you have the most wonderful expression. I suppose
he has been paying you compliments. You mustn t believe a word that he
says.","['My dear fellow, I am so sorry. When I am painting, I can t think of\nanything else. But you never sat better. You were perfectly still. And\nI have caught the effect I wanted the half-parted lips and the bright\nlook in the eyes. I don t know what Harry has been saying to you, but\nhe has certainly made you have the most wonderful expression. I suppose\nhe has been paying you compliments. You mustn t believe a word that he\nsays.']","[[38816, 39243]]","Basil Hallward","['Dorian Gray', 'Lord Henry']","Implicit","nan","[['My dear fellow', 'you', 'You', 'Harry', 'you', 'he', 'you', 'he', 'you', 'You', 'he']]","[[[38816, 38830], [38903, 38906], [38925, 38928], [39061, 39066], [39086, 39089], [39095, 39097], [39117, 39120], [39167, 39169], [39186, 39189], [39203, 39206], [39235, 39237]]]","[[['Dorian Gray'], ['Dorian Gray'], ['Dorian Gray'], ['Lord Henry'], ['Dorian Gray'], ['Lord Henry'], ['Dorian Gray'], ['Lord Henry'], ['Dorian Gray'], ['Dorian Gray'], ['Lord Henry']]]"
"Q107","He has certainly not been paying me compliments. Perhaps that is the
reason that I don t believe anything he has told me.","['He has certainly not been paying me compliments. Perhaps that is the\nreason that I don t believe anything he has told me.']","[[39247, 39368]]","Dorian Gray","['Basil Hallward', 'Lord Henry']","Implicit","nan","[['He', 'he']]","[[[39247, 39249], [39353, 39355]]]","[[['Lord Henry'], ['Lord Henry']]]"
"Q108","You know you believe it all, I will go out to the garden with you. It is
horribly hot in the studio. Basil, let us have something iced to drink,
something with strawberries in it.","['You know you believe it all,', 'I will go out to the garden with you. It is\nhorribly hot in the studio. Basil, let us have something iced to drink,\nsomething with strawberries in it.']","[[39372, 39400], [39468, 39618]]","Lord Henry","['Dorian Gray', 'Basil Hallward']","Explicit","said Lord Henry","[['You', 'you'], ['you', 'Basil', 'us']]","[[[39372, 39375], [39381, 39384]], [[39501, 39504], [39540, 39545], [39551, 39553]]]","[[['Dorian Gray'], ['Dorian Gray']], [['Dorian Gray'], ['Basil Hallward'], ['Dorian Gray', 'Lord Henry']]]"
"Q109","Certainly, Harry. Just touch the bell, and when Parker comes I will
tell him what you want. I have got to work up this background, so I
will join you later on. Don t keep Dorian too long. I have never been
in better form for painting than I am to-day. This is going to be my
masterpiece. It is my masterpiece as it stands.","['Certainly, Harry. Just touch the bell, and when Parker comes I will\ntell him what you want. I have got to work up this background, so I\nwill join you later on. Don t keep Dorian too long. I have never been\nin better form for painting than I am to-day. This is going to be my\nmasterpiece. It is my masterpiece as it stands.']","[[39622, 39944]]","Basil Hallward","['Dorian Gray', 'Lord Henry']","Implicit","nan","[['Harry', 'Parker', 'him', 'you', 'you', 'Dorian']]","[[[39633, 39638], [39670, 39676], [39695, 39698], [39704, 39707], [39768, 39771], [39793, 39799]]]","[[['Lord Henry'], ['Parker'], ['Parker'], ['Lord Henry'], ['Lord Henry'], ['Dorian Gray']]]"
"Q110","You are quite right to do that, Nothing can cure the soul but the senses, just as nothing can cure the
senses but the soul.","['You are quite right to do that,', 'Nothing can cure the soul but the senses, just as nothing can cure the\nsenses but the soul.']","[[40173, 40204], [40220, 40311]]","Lord Henry","['Dorian Gray']","Anaphoric","he murmured","[['You'], []]","[[[40173, 40176]], []]","[[['Dorian Gray']], []]"
"Q111","Yes, that is one of the great secrets of
life to cure the soul by means of the senses, and the senses by means
of the soul. You are a wonderful creation. You know more than you think
you know, just as you know less than you want to know.","['Yes,', 'that is one of the great secrets of\nlife to cure the soul by means of the senses, and the senses by means\nof the soul. You are a wonderful creation. You know more than you think\nyou know, just as you know less than you want to know.']","[[40659, 40663], [40688, 40920]]","Lord Henry","['Dorian Gray']","Explicit","continued Lord Henry","[[], ['You', 'You', 'you', 'you', 'you', 'you']]","[[], [[40807, 40810], [40837, 40840], [40856, 40859], [40866, 40869], [40884, 40887], [40903, 40906]]]","[[], [['Dorian Gray'], ['Dorian Gray'], ['Dorian Gray'], ['Dorian Gray'], ['Dorian Gray'], ['Dorian Gray']]]"
"Q112","Let us go and sit in the shade, Parker has brought
out the drinks, and if you stay any longer in this glare, you will be
quite spoiled, and Basil will never paint you again. You really must
not allow yourself to become sunburnt. It would be unbecoming.","['Let us go and sit in the shade,', 'Parker has brought\nout the drinks, and if you stay any longer in this glare, you will be\nquite spoiled, and Basil will never paint you again. You really must\nnot allow yourself to become sunburnt. It would be unbecoming.']","[[41763, 41794], [41814, 42034]]","Lord Henry","['Dorian Gray']","Explicit","said Lord Henry","[['us'], ['Parker', 'you', 'you', 'Basil', 'you', 'You']]","[[[41767, 41769]], [[41814, 41820], [41856, 41859], [41891, 41894], [41922, 41927], [41945, 41948], [41956, 41959]]]","[[['Dorian Gray', 'Lord Henry']], [['Parker'], ['Dorian Gray'], ['Dorian Gray'], ['Basil Hallward'], ['Dorian Gray'], ['Dorian Gray']]]"
"Q113","What can it matter?","['What can it matter?']","[[42038, 42057]]","Dorian Gray","['Lord Henry']","Explicit","cried Dorian Gray","[[]]","[[]]","[[]]"
"Q114","It should matter everything to you, Mr. Gray.","['It should matter everything to you, Mr. Gray.']","[[42143, 42188]]","Lord Henry","['Dorian Gray']","Implicit","nan","[['you', 'Mr. Gray']]","[[[42174, 42177], [42179, 42187]]]","[[['Dorian Gray'], ['Dorian Gray']]]"
"Q115","Why?","['Why?']","[[42192, 42196]]","Dorian Gray","['Lord Henry']","Implicit","nan","[[]]","[[]]","[[]]"
"Q116","Because you have the most marvellous youth, and youth is the one thing
worth having.","['Because you have the most marvellous youth, and youth is the one thing\nworth having.']","[[42200, 42284]]","Lord Henry","['Dorian Gray']","Implicit","nan","[['you']]","[[[42208, 42211]]]","[[['Dorian Gray']]]"
"Q117","I don t feel that, Lord Henry.","['I don t feel that, Lord Henry.']","[[42288, 42318]]","Dorian Gray","['Lord Henry']","Implicit","nan","[['Lord Henry']]","[[[42307, 42317]]]","[[['Lord Henry']]]"
"Q118","No, you don t feel it now. Some day, when you are old and wrinkled and
ugly, when thought has seared your forehead with its lines, and passion
branded your lips with its hideous fires, you will feel it, you will
feel it terribly. Now, wherever you go, you charm the world. Will it
always be so? ... You have a wonderfully beautiful face, Mr. Gray.
Don t frown. You have. And beauty is a form of genius is higher,
indeed, than genius, as it needs no explanation. It is of the great
facts of the world, like sunlight, or spring-time, or the reflection in
dark waters of that silver shell we call the moon. It cannot be
questioned. It has its divine right of sovereignty. It makes princes of
those who have it. You smile? Ah! when you have lost it you won t
smile.... People say sometimes that beauty is only superficial. That
may be so, but at least it is not so superficial as thought is. To me,
beauty is the wonder of wonders. It is only shallow people who do not
judge by appearances. The true mystery of the world is the visible, not
the invisible.... Yes, Mr. Gray, the gods have been good to you. But
what the gods give they quickly take away. You have only a few years in
which to live really, perfectly, and fully. When your youth goes, your
beauty will go with it, and then you will suddenly discover that there
are no triumphs left for you, or have to content yourself with those
mean triumphs that the memory of your past will make more bitter than
defeats. Every month as it wanes brings you nearer to something
dreadful. Time is jealous of you, and wars against your lilies and your
roses. You will become sallow, and hollow-cheeked, and dull-eyed. You
will suffer horribly.... Ah! realize your youth while you have it.
Don t squander the gold of your days, listening to the tedious, trying
to improve the hopeless failure, or giving away your life to the
ignorant, the common, and the vulgar. These are the sickly aims, the
false ideals, of our age. Live! Live the wonderful life that is in you!
Let nothing be lost upon you. Be always searching for new sensations.
Be afraid of nothing.... A new Hedonism that is what our century wants.
You might be its visible symbol. With your personality there is nothing
you could not do. The world belongs to you for a season.... The moment
I met you I saw that you were quite unconscious of what you really are,
of what you really might be. There was so much in you that charmed me
that I felt I must tell you something about yourself. I thought how
tragic it would be if you were wasted. For there is such a little time
that your youth will last such a little time. The common hill-flowers
wither, but they blossom again. The laburnum will be as yellow next
June as it is now. In a month there will be purple stars on the
clematis, and year after year the green night of its leaves will hold
its purple stars. But we never get back our youth. The pulse of joy
that beats in us at twenty becomes sluggish. Our limbs fail, our senses
rot. We degenerate into hideous puppets, haunted by the memory of the
passions of which we were too much afraid, and the exquisite
temptations that we had not the courage to yield to. Youth! Youth!
There is absolutely nothing in the world but youth!","['No, you don t feel it now. Some day, when you are old and wrinkled and\nugly, when thought has seared your forehead with its lines, and passion\nbranded your lips with its hideous fires, you will feel it, you will\nfeel it terribly. Now, wherever you go, you charm the world. Will it\nalways be so? ... You have a wonderfully beautiful face, Mr. Gray.\nDon t frown. You have. And beauty is a form of genius is higher,\nindeed, than genius, as it needs no explanation. It is of the great\nfacts of the world, like sunlight, or spring-time, or the reflection in\ndark waters of that silver shell we call the moon. It cannot be\nquestioned. It has its divine right of sovereignty. It makes princes of\nthose who have it. You smile? Ah! when you have lost it you won t\nsmile.... People say sometimes that beauty is only superficial. That\nmay be so, but at least it is not so superficial as thought is. To me,\nbeauty is the wonder of wonders. It is only shallow people who do not\njudge by appearances. The true mystery of the world is the visible, not\nthe invisible.... Yes, Mr. Gray, the gods have been good to you. But\nwhat the gods give they quickly take away. You have only a few years in\nwhich to live really, perfectly, and fully. When your youth goes, your\nbeauty will go with it, and then you will suddenly discover that there\nare no triumphs left for you, or have to content yourself with those\nmean triumphs that the memory of your past will make more bitter than\ndefeats. Every month as it wanes brings you nearer to something\ndreadful. Time is jealous of you, and wars against your lilies and your\nroses. You will become sallow, and hollow-cheeked, and dull-eyed. You\nwill suffer horribly.... Ah! realize your youth while you have it.\nDon t squander the gold of your days, listening to the tedious, trying\nto improve the hopeless failure, or giving away your life to the\nignorant, the common, and the vulgar. These are the sickly aims, the\nfalse ideals, of our age. Live! Live the wonderful life that is in you!\nLet nothing be lost upon you. Be always searching for new sensations.\nBe afraid of nothing.... A new Hedonism that is what our century wants.\nYou might be its visible symbol. With your personality there is nothing\nyou could not do. The world belongs to you for a season.... The moment\nI met you I saw that you were quite unconscious of what you really are,\nof what you really might be. There was so much in you that charmed me\nthat I felt I must tell you something about yourself. I thought how\ntragic it would be if you were wasted. For there is such a little time\nthat your youth will last such a little time. The common hill-flowers\nwither, but they blossom again. The laburnum will be as yellow next\nJune as it is now. In a month there will be purple stars on the\nclematis, and year after year the green night of its leaves will hold\nits purple stars. But we never get back our youth. The pulse of joy\nthat beats in us at twenty becomes sluggish. Our limbs fail, our senses\nrot. We degenerate into hideous puppets, haunted by the memory of the\npassions of which we were too much afraid, and the exquisite\ntemptations that we had not the courage to yield to. Youth! Youth!\nThere is absolutely nothing in the world but youth!']","[[42322, 45558]]","Lord Henry","['Dorian Gray']","Implicit","nan","[['you', 'you', 'your', 'your', 'you', 'you', 'you', 'you', 'You', 'Mr. Gray', 'You', 'You', 'you', 'you', 'Mr. Gray', 'you', 'You', 'your', 'your', 'you', 'you', 'yourself', 'your', 'you', 'you', 'your', 'your', 'You', 'You', 'your', 'you', 'your', 'your', 'you', 'you', 'You', 'your', 'you', 'you', 'you', 'you', 'you', 'you', 'you', 'you', 'you', 'your']]","[[[42326, 42329], [42364, 42367], [42423, 42427], [42473, 42477], [42507, 42510], [42525, 42528], [42566, 42569], [42574, 42577], [42621, 42624], [42660, 42668], [42683, 42686], [43030, 43033], [43050, 43053], [43067, 43070], [43382, 43390], [43419, 43422], [43471, 43474], [43549, 43553], [43566, 43570], [43604, 43607], [43667, 43670], [43691, 43699], [43744, 43748], [43821, 43824], [43874, 43877], [43896, 43900], [43912, 43916], [43924, 43927], [43983, 43986], [44024, 44028], [44041, 44044], [44081, 44085], [44173, 44177], [44326, 44329], [44356, 44359], [44473, 44476], [44511, 44515], [44545, 44548], [44584, 44587], [44622, 44625], [44637, 44640], [44672, 44675], [44696, 44699], [44738, 44741], [44782, 44785], [44848, 44851], [44902, 44906]]]","[[['Dorian Gray'], ['Dorian Gray'], ['Dorian Gray'], ['Dorian Gray'], ['Dorian Gray'], ['Dorian Gray'], ['Dorian Gray'], ['Dorian Gray'], ['Dorian Gray'], ['Dorian Gray'], ['Dorian Gray'], ['Dorian Gray'], ['Dorian Gray'], ['Dorian Gray'], ['Dorian Gray'], ['Dorian Gray'], ['Dorian Gray'], ['Dorian Gray'], ['Dorian Gray'], ['Dorian Gray'], ['Dorian Gray'], ['Dorian Gray'], ['Dorian Gray'], ['Dorian Gray'], ['Dorian Gray'], ['Dorian Gray'], ['Dorian Gray'], ['Dorian Gray'], ['Dorian Gray'], ['Dorian Gray'], ['Dorian Gray'], ['Dorian Gray'], ['Dorian Gray'], ['Dorian Gray'], ['Dorian Gray'], ['Dorian Gray'], ['Dorian Gray'], ['Dorian Gray'], ['Dorian Gray'], ['Dorian Gray'], ['Dorian Gray'], ['Dorian Gray'], ['Dorian Gray'], ['Dorian Gray'], ['Dorian Gray'], ['Dorian Gray'], ['Dorian Gray']]]"
"Q119","I am waiting, Do come in. The light is quite perfect, and
you can bring your drinks.","['I am waiting,', 'Do come in. The light is quite perfect, and\nyou can bring your drinks.']","[[46404, 46417], [46430, 46500]]","Basil Hallward","['Dorian Gray', 'Lord Henry']","Anaphoric","he cried","[[], ['you', 'your']]","[[], [[46474, 46477], [46488, 46492]]]","[[], [['Dorian Gray', 'Lord Henry'], ['Dorian Gray', 'Lord Henry']]]"
"Q120","You are glad you have met me, Mr. Gray,","['You are glad you have met me, Mr. Gray,']","[[46682, 46721]]","Lord Henry","['Dorian Gray']","Explicit","said Lord Henry","[['You', 'you', 'Mr. Gray']]","[[[46682, 46685], [46695, 46698], [46712, 46720]]]","[[['Dorian Gray'], ['Dorian Gray'], ['Dorian Gray']]]"
"Q121","Yes, I am glad now. I wonder shall I always be glad?","['Yes, I am glad now. I wonder shall I always be glad?']","[[46758, 46810]]","Dorian Gray","['Lord Henry']","Implicit","nan","[[]]","[[]]","[[]]"
"Q122","Always! That is a dreadful word. It makes me shudder when I hear it.
Women are so fond of using it. They spoil every romance by trying to
make it last for ever. It is a meaningless word, too. The only
difference between a caprice and a lifelong passion is that the caprice
lasts a little longer.","['Always! That is a dreadful word. It makes me shudder when I hear it.\nWomen are so fond of using it. They spoil every romance by trying to\nmake it last for ever. It is a meaningless word, too. The only\ndifference between a caprice and a lifelong passion is that the caprice\nlasts a little longer.']","[[46814, 47109]]","Lord Henry","['Dorian Gray']","Implicit","nan","[[]]","[[]]","[[]]"
"Q123","In that case, let our friendship be a caprice,","['In that case, let our friendship be a caprice,']","[[47189, 47235]]","Dorian Gray","['Lord Henry']","Anaphoric","he murmured","[['our']]","[[[47207, 47210]]]","[[['Dorian Gray', 'Henry']]]"
"Q124","It is quite
finished,","['It is quite\nfinished,']","[[47938, 47959]]","Basil Hallward","['Dorian Gray', 'Lord Henry']","Anaphoric","he cried","[[]]","[[]]","[[]]"
"Q125","My dear fellow, I congratulate you most warmly, It is the
finest portrait of modern times. Mr. Gray, come over and look at
yourself.","['My dear fellow, I congratulate you most warmly,', 'It is the\nfinest portrait of modern times. Mr. Gray, come over and look at\nyourself.']","[[48206, 48253], [48265, 48349]]","Lord Henry","['Dorian Gray', 'Basil Hallward']","Anaphoric","he said","[['My dear fellow', 'you'], ['Mr. Gray']]","[[[48206, 48220], [48237, 48240]], [[48308, 48316]]]","[[['Basil Hallward'], ['Basil Hallward']], [['Dorian Gray']]]"
"Q126","Is it really finished?","['Is it really finished?']","[[48403, 48425]]","Dorian Gray","['Basil Hallward', 'Lord Henry']","Anaphoric","he murmured","[[]]","[[]]","[[]]"
"Q127","Quite finished, And you have sat splendidly
to-day. I am awfully obliged to you.","['Quite finished,', 'And you have sat splendidly\nto-day. I am awfully obliged to you.']","[[48475, 48490], [48511, 48575]]","Basil Hallward","['Dorian Gray', 'Lord Henry']","Anaphoric","said the painter","[[], ['you', 'you']]","[[], [[48515, 48518], [48571, 48574]]]","[[], [['Dorian Gray'], ['Dorian Gray']]]"
"Q128","That is entirely due to me, Isn t it, Mr.
Gray?","['That is entirely due to me,', 'Isn t it, Mr.\nGray?']","[[48579, 48606], [48630, 48649]]","Lord Henry","['Dorian Gray', 'Basil Hallward']","Explicit","broke in Lord Henry","[[], []]","[[], []]","[[], []]"
"Q129","Don t you like it?","['Don t you like it?']","[[50168, 50186]]","Basil Hallward","['Dorian Gray', 'Lord Henry']","Explicit","cried Hallward","[['you']]","[[[50174, 50177]]]","[[['Dorian Gray']]]"
"Q130","Of course he likes it, Who wouldn t like it? It is
one of the greatest things in modern art. I will give you anything you
like to ask for it. I must have it.","['Of course he likes it,', 'Who wouldn t like it? It is\none of the greatest things in modern art. I will give you anything you\nlike to ask for it. I must have it.']","[[50284, 50306], [50326, 50460]]","Lord Henry","['Dorian Gray', 'Basil Hallward']","Explicit","said Lord Henry","[['he'], ['you', 'you']]","[[[50294, 50296]], [[50408, 50411], [50421, 50424]]]","[[['Dorian Gray']], [['Basil Hallward'], ['Basil Hallward']]]"
"Q131","It is not my property, Harry.","['It is not my property, Harry.']","[[50464, 50493]]","Basil Hallward","['Dorian Gray', 'Lord Henry']","Implicit","nan","[['Harry']]","[[[50487, 50492]]]","[[['Lord Henry']]]"
"Q132","Whose property is it?","['Whose property is it?']","[[50497, 50518]]","Lord Henry","['Dorian Gray', 'Basil Hallward']","Implicit","nan","[[]]","[[]]","[[]]"
"Q133","Dorian s, of course,","['Dorian s, of course,']","[[50522, 50542]]","Basil Hallward","['Dorian Gray', 'Lord Henry']","Anaphoric","answered the painter","[['Dorian']]","[[[50522, 50528]]]","[[['Dorian Gray']]]"
"Q134","He is a very lucky fellow.","['He is a very lucky fellow.']","[[50568, 50594]]","Lord Henry","['Dorian Gray', 'Basil Hallward']","Implicit","nan","[['He']]","[[[50568, 50570]]]","[[['Dorian Gray']]]"
"Q135","How sad it is! How sad it is! I shall grow old, and horrible, and
dreadful. But this picture will remain always young. It will never be
older than this particular day of June.... If it were only the other
way! If it were I who was to be always young, and the picture that was
to grow old! For that for that I would give everything! Yes, there is
nothing in the whole world I would not give! I would give my soul for
that!","['How sad it is!', 'How sad it is! I shall grow old, and horrible, and\ndreadful. But this picture will remain always young. It will never be\nolder than this particular day of June.... If it were only the other\nway! If it were I who was to be always young, and the picture that was\nto grow old! For that for that I would give everything! Yes, there is\nnothing in the whole world I would not give! I would give my soul for\nthat!']","[[50598, 50612], [50685, 51091]]","Dorian Gray","['Basil Hallward', 'Lord Henry']","Explicit","murmured Dorian Gray","[[], []]","[[], []]","[[], []]"
"Q136","You would hardly care for such an arrangement, Basil, It would be rather hard lines on your work.","['You would hardly care for such an arrangement, Basil,', 'It would be rather hard lines on your work.']","[[51095, 51148], [51179, 51222]]","Lord Henry","['Dorian Gray', 'Basil Hallward']","Explicit","cried Lord Henry","[['You', 'Basil'], ['your']]","[[[51095, 51098], [51142, 51147]], [[51212, 51216]]]","[[['Basil Hallward'], ['Basil Hallward']], [['Basil Hallward']]]"
"Q137","I should object very strongly, Harry,","['I should object very strongly, Harry,']","[[51226, 51263]]","Basil Hallward","['Dorian Gray', 'Lord Henry']","Explicit","said Hallward","[['Harry']]","[[[51257, 51262]]]","[[['Lord Henry']]]"
"Q138","I believe you would, Basil. You
like your art better than your friends. I am no more to you than a
green bronze figure. Hardly as much, I dare say.","['I believe you would, Basil. You\nlike your art better than your friends. I am no more to you than a\ngreen bronze figure. Hardly as much, I dare say.']","[[51320, 51467]]","Dorian Gray","['Basil Hallward', 'Lord Henry']","Implicit","nan","[['you', 'Basil', 'You', 'your', 'your', 'you']]","[[[51330, 51333], [51341, 51346], [51348, 51351], [51357, 51361], [51378, 51382], [51408, 51411]]]","[[['Basil Hallward'], ['Basil Hallward'], ['Basil Hallward'], ['Basil Hallward'], ['Basil Hallward'], ['Basil Hallward']]]"
"Q139","Yes, I am less to you than your ivory Hermes or your
silver Faun. You will like them always. How long will you like me? Till
I have my first wrinkle, I suppose. I know, now, that when one loses
one s good looks, whatever they may be, one loses everything. Your
picture has taught me that. Lord Henry Wotton is perfectly right. Youth
is the only thing worth having. When I find that I am growing old, I
shall kill myself.","['Yes,', 'I am less to you than your ivory Hermes or your\nsilver Faun. You will like them always. How long will you like me? Till\nI have my first wrinkle, I suppose. I know, now, that when one loses\none s good looks, whatever they may be, one loses everything. Your\npicture has taught me that. Lord Henry Wotton is perfectly right. Youth\nis the only thing worth having. When I find that I am growing old, I\nshall kill myself.']","[[51636, 51640], [51657, 52072]]","Dorian Gray","['Basil Hallward', 'Lord Henry']","Anaphoric","he continued","[[], ['you', 'your', 'your', 'You', 'you', 'Your', 'Lord Henry Wotton', 'Henry', 'Wotton']]","[[], [[51670, 51673], [51679, 51683], [51700, 51704], [51718, 51721], [51759, 51762], [51908, 51912], [51941, 51958], [51946, 51951], [51952, 51958]]]","[[], [['Basil Hallward'], ['Basil Hallward'], ['Basil Hallward'], ['Basil Hallward'], ['Basil Hallward'], ['Basil Hallward'], ['Lord Henry'], ['Lord Henry'], ['Lord Henry']]]"
"Q140","Dorian! Dorian! don t talk like that. I have never had such a friend as you, and I
shall never have such another. You are not jealous of material things,
are you? you who are finer than any of them!","['Dorian! Dorian!', 'don t talk like that. I have never had such a friend as you, and I\nshall never have such another. You are not jealous of material things,\nare you? you who are finer than any of them!']","[[52118, 52133], [52146, 52328]]","Basil Hallward","['Dorian Gray', 'Lord Henry']","Anaphoric","he cried","[['Dorian', 'Dorian'], ['you', 'You', 'you', 'you']]","[[[52118, 52124], [52126, 52132]], [[52202, 52205], [52244, 52247], [52288, 52291], [52293, 52296]]]","[[['Dorian Gray'], ['Dorian Gray']], [['Dorian Gray'], ['Dorian Gray'], ['Dorian Gray'], ['Dorian Gray']]]"
"Q141","I am jealous of everything whose beauty does not die. I am jealous of
the portrait you have painted of me. Why should it keep what I must
lose? Every moment that passes takes something from me and gives
something to it. Oh, if it were only the other way! If the picture
could change, and I could be always what I am now! Why did you paint
it? It will mock me some day mock me horribly!","['I am jealous of everything whose beauty does not die. I am jealous of\nthe portrait you have painted of me. Why should it keep what I must\nlose? Every moment that passes takes something from me and gives\nsomething to it. Oh, if it were only the other way! If the picture\ncould change, and I could be always what I am now! Why did you paint\nit? It will mock me some day mock me horribly!']","[[52332, 52717]]","Dorian Gray","['Basil Hallward', 'Lord Henry']","Implicit","nan","[['you', 'you']]","[[[52415, 52418], [52661, 52664]]]","[[['Basil Hallward'], ['Basil Hallward']]]"
"Q142","This is your doing, Harry,","['This is your doing, Harry,']","[[52877, 52903]]","Basil Hallward","['Dorian Gray', 'Lord Henry']","Anaphoric","said the painter","[['your', 'Harry']]","[[[52885, 52889], [52897, 52902]]]","[[['Lord Henry'], ['Lord Henry']]]"
"Q143","It is the real Dorian Gray that is
all.","['It is the real Dorian Gray that is\nall.']","[[52969, 53008]]","Lord Henry","['Dorian Gray', 'Basil Hallward']","Implicit","nan","[['Dorian Gray', 'Gray']]","[[[52984, 52995], [52991, 52995]]]","[[['Dorian Gray'], ['Dorian Gray']]]"
"Q144","It is not.","['It is not.']","[[53012, 53022]]","Basil Hallward","['Dorian Gray', 'Lord Henry']","Implicit","nan","[[]]","[[]]","[[]]"
"Q145","If it is not, what have I to do with it?","['If it is not, what have I to do with it?']","[[53026, 53066]]","Lord Henry","['Dorian Gray', 'Basil Hallward']","Implicit","nan","[[]]","[[]]","[[]]"
"Q146","You should have gone away when I asked you,","['You should have gone away when I asked you,']","[[53070, 53113]]","Basil Hallward","['Dorian Gray', 'Lord Henry']","Anaphoric","he muttered","[['You', 'you']]","[[[53070, 53073], [53109, 53112]]]","[[['Lord Henry'], ['Lord Henry']]]"
"Q147","I stayed when you asked me,","['I stayed when you asked me,']","[[53130, 53157]]","Lord Henry","['Dorian Gray', 'Basil Hallward']","Explicit","was Lord Henry s answer","[[]]","[[]]","[[]]"
"Q148","Harry, I can t quarrel with my two best friends at once, but between
you both you have made me hate the finest piece of work I have ever
done, and I will destroy it. What is it but canvas and colour? I will
not let it come across our three lives and mar them.","['Harry, I can t quarrel with my two best friends at once, but between\nyou both you have made me hate the finest piece of work I have ever\ndone, and I will destroy it. What is it but canvas and colour? I will\nnot let it come across our three lives and mar them.']","[[53186, 53445]]","Basil Hallward","['Dorian Gray', 'Lord Henry']","Implicit","nan","[['Harry', 'my two best friends', 'you', 'you', 'our', 'them']]","[[[53186, 53191], [53214, 53233], [53255, 53258], [53264, 53267], [53416, 53419], [53440, 53444]]]","[[['Lord Henry'], ['Dorian Gray', 'Henry'], ['Dorian Gray', 'Lord Henry'], ['Dorian Gray', 'Lord Henry'], ['Dorian Gray', 'Basil Hallward'], ['Lord Henry']]]"
"Q149","Don t, Basil, don t! It would be murder!","['Don t, Basil, don t!', 'It would be murder!']","[[54068, 54088], [54101, 54120]]","Dorian Gray","['Basil Hallward', 'Lord Henry']","Anaphoric","he cried","[['Basil'], []]","[[[54075, 54080]], []]","[[['Basil Hallward']], []]"
"Q150","I am glad you appreciate my work at last, Dorian, I never thought you
would.","['I am glad you appreciate my work at last, Dorian,', 'I never thought you\nwould.']","[[54124, 54173], [54241, 54267]]","Basil Hallward","['Dorian Gray', 'Lord Henry']","Anaphoric","said the painter","[['you', 'Dorian'], ['you']]","[[[54134, 54137], [54166, 54172]], [[54257, 54260]]]","[[['Dorian Gray'], ['Dorian Gray']], [['Dorian Gray']]]"
"Q151","Appreciate it? I am in love with it, Basil. It is part of myself. I
feel that.","['Appreciate it? I am in love with it, Basil. It is part of myself. I\nfeel that.']","[[54271, 54349]]","Dorian Gray","['Basil Hallward', 'Lord Henry']","Implicit","nan","[['Basil']]","[[[54308, 54313]]]","[[['Basil Hallward']]]"
"Q152","Well, as soon as you are dry, you shall be varnished, and framed, and
sent home. Then you can do what you like with yourself.","['Well, as soon as you are dry, you shall be varnished, and framed, and\nsent home. Then you can do what you like with yourself.']","[[54353, 54478]]","Basil Hallward","['Dorian Gray', 'Lord Henry']","Implicit","nan","[['you', 'you', 'you', 'you']]","[[[54370, 54373], [54383, 54386], [54439, 54442], [54455, 54458]]]","[[['Dorian Gray'], ['Dorian Gray'], ['Dorian Gray'], ['Dorian Gray']]]"
"Q153","You will have tea, of
course, Dorian? And so will you, Harry? Or do you object to such simple
pleasures?","['You will have tea, of\ncourse, Dorian? And so will you, Harry? Or do you object to such simple\npleasures?']","[[54538, 54642]]","Basil Hallward","['Dorian Gray', 'Lord Henry']","Implicit","nan","[['You', 'Dorian', 'you', 'Harry', 'you']]","[[[54538, 54541], [54568, 54574], [54588, 54591], [54593, 54598], [54606, 54609]]]","[[['Dorian Gray'], ['Dorian Gray'], ['Lord Henry'], ['Lord Henry'], ['Lord Henry']]]"
"Q154","I adore simple pleasures, They are the last refuge
of the complex. But I don t like scenes, except on the stage. What
absurd fellows you are, both of you! I wonder who it was defined man as
a rational animal. It was the most premature definition ever given. Man
is many things, but he is not rational. I am glad he is not, after
all though I wish you chaps would not squabble over the picture. You
had much better let me have it, Basil. This silly boy doesn t really
want it, and I really do.","['I adore simple pleasures,', 'They are the last refuge\nof the complex. But I don t like scenes, except on the stage. What\nabsurd fellows you are, both of you! I wonder who it was defined man as\na rational animal. It was the most premature definition ever given. Man\nis many things, but he is not rational. I am glad he is not, after\nall though I wish you chaps would not squabble over the picture. You\nhad much better let me have it, Basil. This silly boy doesn t really\nwant it, and I really do.']","[[54646, 54671], [54691, 55157]]","Lord Henry","['Dorian Gray', 'Basil Hallward']","Explicit","said Lord Henry","[[], ['you', 'you', 'you chaps', 'You', 'Basil', 'This silly boy']]","[[], [[54798, 54801], [54815, 54818], [55012, 55021], [55059, 55062], [55095, 55100], [55102, 55116]]]","[[], [['Dorian Gray', 'Basil Hallward'], ['Dorian Gray', 'Basil Hallward'], ['Basil Hallward', 'Dorian Gray'], ['Basil Hallward'], ['Basil Hallward'], ['Dorian Gray']]]"
"Q155","If you let any one have it but me, Basil, I shall never forgive you! and I don t allow people to call me a silly boy.","['If you let any one have it but me, Basil, I shall never forgive you!', 'and I don t allow people to call me a silly boy.']","[[55161, 55229], [55251, 55299]]","Dorian Gray","['Basil Hallward', 'Lord Henry']","Explicit","cried Dorian Gray","[['you', 'Basil', 'you'], []]","[[[55164, 55167], [55196, 55201], [55225, 55228]], []]","[[['Basil Hallward'], ['Basil Hallward'], ['Basil Hallward']], []]"
"Q156","You know the picture is yours, Dorian. I gave it to you before it
existed.","['You know the picture is yours, Dorian. I gave it to you before it\nexisted.']","[[55303, 55377]]","Basil Hallward","['Dorian Gray', 'Lord Henry']","Implicit","nan","[['You', 'Dorian', 'you']]","[[[55303, 55306], [55334, 55340], [55355, 55358]]]","[[['Dorian Gray'], ['Dorian Gray'], ['Dorian Gray']]]"
"Q157","And you know you have been a little silly, Mr. Gray, and that you
don t really object to being reminded that you are extremely young.","['And you know you have been a little silly, Mr. Gray, and that you\ndon t really object to being reminded that you are extremely young.']","[[55381, 55514]]","Lord Henry","['Dorian Gray', 'Basil Hallward']","Implicit","nan","[['you', 'you', 'Mr. Gray', 'you', 'you']]","[[[55385, 55388], [55394, 55397], [55424, 55432], [55443, 55446], [55490, 55493]]]","[[['Dorian Gray'], ['Dorian Gray'], ['Dorian Gray'], ['Dorian Gray'], ['Dorian Gray']]]"
"Q158","I should have objected very strongly this morning, Lord Henry.","['I should have objected very strongly this morning, Lord Henry.']","[[55518, 55580]]","Dorian Gray","['Basil Hallward', 'Lord Henry']","Implicit","nan","[['Lord Henry']]","[[[55569, 55579]]]","[[['Lord Henry']]]"
"Q159","Ah! this morning! You have lived since then.","['Ah! this morning! You have lived since then.']","[[55584, 55628]]","Lord Henry","['Dorian Gray', 'Basil Hallward']","Implicit","nan","[['You']]","[[[55602, 55605]]]","[[['Dorian Gray']]]"
"Q160","Let us go to the theatre to-night, There is sure to
be something on, somewhere. I have promised to dine at White s, but it
is only with an old friend, so I can send him a wire to say that I am
ill, or that I am prevented from coming in consequence of a subsequent
engagement. I think that would be a rather nice excuse: it would have
all the surprise of candour.","['Let us go to the theatre to-night,', 'There is sure to\nbe something on, somewhere. I have promised to dine at White s, but it\nis only with an old friend, so I can send him a wire to say that I am\nill, or that I am prevented from coming in consequence of a subsequent\nengagement. I think that would be a rather nice excuse: it would have\nall the surprise of candour.']","[[56024, 56058], [56078, 56405]]","Lord Henry","['Dorian Gray', 'Basil Hallward']","Explicit","said Lord Henry","[['us'], []]","[[[56028, 56030]], []]","[[['Dorian Gray', 'Basil Hallward', 'Lord Henry']], []]"
"Q161","It is such a bore putting on one s dress-clothes, And, when one has them on, they are so horrid.","['It is such a bore putting on one s dress-clothes,', 'And, when one has them on, they are so horrid.']","[[56409, 56458], [56480, 56526]]","Basil Hallward","['Dorian Gray', 'Lord Henry']","Explicit","muttered Hallward","[[], []]","[[], []]","[[], []]"
"Q162","Yes, the costume of the nineteenth
century is detestable. It is so sombre, so depressing. Sin is the only
real colour-element left in modern life.","['Yes,', 'the costume of the nineteenth\ncentury is detestable. It is so sombre, so depressing. Sin is the only\nreal colour-element left in modern life.']","[[56530, 56534], [56567, 56708]]","Lord Henry","['Dorian Gray', 'Basil Hallward']","Explicit","answered Lord Henry","[[], []]","[[], []]","[[], []]"
"Q163","You really must not say things like that before Dorian, Harry.","['You really must not say things like that before Dorian, Harry.']","[[56712, 56774]]","Basil Hallward","['Dorian Gray', 'Lord Henry']","Implicit","nan","[['You', 'Dorian', 'Harry']]","[[[56712, 56715], [56760, 56766], [56768, 56773]]]","[[['Lord Henry'], ['Dorian Gray'], ['Lord Henry']]]"
"Q164","Before which Dorian? The one who is pouring out tea for us, or the one
in the picture?","['Before which Dorian? The one who is pouring out tea for us, or the one\nin the picture?']","[[56778, 56864]]","Lord Henry","['Dorian Gray', 'Basil Hallward']","Implicit","nan","[['Dorian', 'us']]","[[[56791, 56797], [56834, 56836]]]","[[['Dorian Gray'], ['Basil Hallward', 'Lord Henry']]]"
"Q165","Before either.","['Before either.']","[[56868, 56882]]","Basil Hallward","['Dorian Gray', 'Lord Henry']","Implicit","nan","[[]]","[[]]","[[]]"
"Q166","I should like to come to the theatre with you, Lord Henry,","['I should like to come to the theatre with you, Lord Henry,']","[[56886, 56944]]","Dorian Gray","['Basil Hallward', 'Lord Henry']","Anaphoric","said the lad","[['you', 'Lord Henry']]","[[[56928, 56931], [56933, 56943]]]","[[['Lord Henry'], ['Lord Henry']]]"
"Q167","Then you shall come; and you will come, too, Basil, won t you?","['Then you shall come; and you will come, too, Basil, won t you?']","[[56962, 57024]]","Lord Henry","['Dorian Gray', 'Basil Hallward']","Implicit","nan","[['you', 'you', 'Basil', 'you']]","[[[56967, 56970], [56987, 56990], [57007, 57012], [57020, 57023]]]","[[['Dorian Gray'], ['Basil Hallward'], ['Basil Hallward'], ['Basil Hallward']]]"
"Q168","I can t, really. I would sooner not. I have a lot of work to do.","['I can t, really. I would sooner not. I have a lot of work to do.']","[[57028, 57092]]","Basil Hallward","['Dorian Gray', 'Lord Henry']","Implicit","nan","[[]]","[[]]","[[]]"
"Q169","Well, then, you and I will go alone, Mr. Gray.","['Well, then, you and I will go alone, Mr. Gray.']","[[57096, 57142]]","Lord Henry","['Dorian Gray', 'Basil Hallward']","Implicit","nan","[['you', 'Mr. Gray']]","[[[57108, 57111], [57133, 57141]]]","[[['Dorian Gray'], ['Dorian Gray']]]"
"Q170","I should like that awfully.","['I should like that awfully.']","[[57146, 57173]]","Dorian Gray","['Basil Hallward', 'Lord Henry']","Implicit","nan","[[]]","[[]]","[[]]"
"Q171","I shall stay with the real Dorian,","['I shall stay with the real Dorian,']","[[57247, 57281]]","Basil Hallward","['Dorian Gray', 'Lord Henry']","Anaphoric","he said","[['Dorian']]","[[[57274, 57280]]]","[[['Dorian Gray']]]"
"Q172","Is it the real Dorian? Am I really like that?","['Is it the real Dorian?', 'Am I really like that?']","[[57301, 57323], [57387, 57409]]","Dorian Gray","['Basil Hallward', 'Lord Henry']","Anaphoric","cried the original of the portrait","[['Dorian'], []]","[[[57316, 57322]], []]","[[['Dorian Gray']], []]"
"Q173","Yes; you are just like that.","['Yes; you are just like that.']","[[57413, 57441]]","Basil Hallward","['Dorian Gray', 'Lord Henry']","Implicit","nan","[['you']]","[[[57418, 57421]]]","[[['Dorian Gray']]]"
"Q174","How wonderful, Basil!","['How wonderful, Basil!']","[[57445, 57466]]","Dorian Gray","['Basil Hallward', 'Lord Henry']","Implicit","nan","[['Basil']]","[[[57460, 57465]]]","[[['Basil Hallward']]]"
"Q175","At least you are like it in appearance. But it will never alter, That is something.","['At least you are like it in appearance. But it will never alter,', 'That is something.']","[[57470, 57534], [57554, 57572]]","Basil Hallward","['Dorian Gray', 'Lord Henry']","Explicit","sighed Hallward","[['you'], []]","[[[57479, 57482]], []]","[[['Dorian Gray']], []]"
"Q176","What a fuss people make about fidelity! Why,
even in love it is purely a question for physiology. It has nothing to
do with our own will. Young men want to be faithful, and are not; old
men want to be faithless, and cannot: that is all one can say.","['What a fuss people make about fidelity!', 'Why,\neven in love it is purely a question for physiology. It has nothing to\ndo with our own will. Young men want to be faithful, and are not; old\nmen want to be faithless, and cannot: that is all one can say.']","[[57576, 57615], [57640, 57848]]","Lord Henry","['Dorian Gray', 'Basil Hallward']","Explicit","exclaimed Lord Henry","[[], []]","[[], []]","[[], []]"
"Q177","Don t go to the theatre to-night, Dorian, Stop and
dine with me.","['Don t go to the theatre to-night, Dorian,', 'Stop and\ndine with me.']","[[57852, 57893], [57911, 57933]]","Basil Hallward","['Dorian Gray', 'Lord Henry']","Explicit","said Hallward","[['Dorian'], []]","[[[57886, 57892]], []]","[[['Dorian Gray']], []]"
"Q178","I can t, Basil.","['I can t, Basil.']","[[57937, 57952]]","Dorian Gray","['Basil Hallward', 'Lord Henry']","Implicit","nan","[['Basil']]","[[[57946, 57951]]]","[[['Basil Hallward']]]"
"Q179","Why?","['Why?']","[[57956, 57960]]","Basil Hallward","['Dorian Gray', 'Lord Henry']","Implicit","nan","[[]]","[[]]","[[]]"
"Q180","Because I have promised Lord Henry Wotton to go with him.","['Because I have promised Lord Henry Wotton to go with him.']","[[57964, 58021]]","Dorian Gray","['Basil Hallward', 'Lord Henry']","Implicit","nan","[['Lord Henry Wotton', 'Henry', 'Wotton', 'him']]","[[[57988, 58005], [57993, 57998], [57999, 58005], [58017, 58020]]]","[[['Lord Henry'], ['Lord Henry'], ['Lord Henry'], ['Lord Henry']]]"
"Q181","He won t like you the better for keeping your promises. He always
breaks his own. I beg you not to go.","['He won t like you the better for keeping your promises. He always\nbreaks his own. I beg you not to go.']","[[58025, 58127]]","Basil Hallward","['Dorian Gray', 'Lord Henry']","Implicit","nan","[['He', 'you', 'your', 'He', 'his', 'you']]","[[[58025, 58027], [58039, 58042], [58066, 58070], [58081, 58083], [58098, 58101], [58113, 58116]]]","[[['Lord Henry'], ['Dorian Gray'], ['Dorian Gray'], ['Lord Henry'], ['Lord Henry'], ['Dorian Gray']]]"
"Q182","I entreat you.","['I entreat you.']","[[58172, 58186]]","Basil Hallward","['Dorian Gray', 'Lord Henry']","Implicit","nan","[['you']]","[[[58182, 58185]]]","[[['Dorian Gray']]]"
"Q183","I must go, Basil,","['I must go, Basil,']","[[58304, 58321]]","Dorian Gray","['Basil Hallward', 'Lord Henry']","Anaphoric","he answered","[['Basil']]","[[[58315, 58320]]]","[[['Basil Hallward']]]"
"Q184","Very well, It is rather late, and, as you have to dress, you had better
lose no time. Good-bye, Harry. Good-bye, Dorian. Come and see me soon.
Come to-morrow.","['Very well,', 'It is rather late, and, as you have to dress, you had better\nlose no time. Good-bye, Harry. Good-bye, Dorian. Come and see me soon.\nCome to-morrow.']","[[58338, 58348], [58418, 58565]]","Basil Hallward","['Dorian Gray', 'Lord Henry']","Explicit","said Hallward","[[], ['you', 'you', 'Harry', 'Dorian']]","[[], [[58445, 58448], [58464, 58467], [58503, 58508], [58520, 58526]]]","[[], [['Dorian Gray', 'Lord Henry'], ['Dorian Gray', 'Lord Henry'], ['Lord Henry'], ['Dorian Gray']]]"
"Q185","Certainly.","['Certainly.']","[[58569, 58579]]","Dorian Gray","['Basil Hallward', 'Lord Henry']","Implicit","nan","[[]]","[[]]","[[]]"
"Q186","You won t forget?","['You won t forget?']","[[58583, 58600]]","Basil Hallward","['Dorian Gray', 'Lord Henry']","Implicit","nan","[['You']]","[[[58583, 58586]]]","[[['Dorian Gray']]]"
"Q187","No, of course not,","['No, of course not,']","[[58604, 58622]]","Dorian Gray","['Basil Hallward', 'Lord Henry']","Explicit","cried Dorian","[[]]","[[]]","[[]]"
"Q188","And ... Harry!","['And ... Harry!']","[[58640, 58654]]","Basil Hallward","['Dorian Gray', 'Lord Henry']","Implicit","nan","[['Harry']]","[[[58648, 58653]]]","[[['Lord Henry']]]"
"Q189","Yes, Basil?","['Yes, Basil?']","[[58658, 58669]]","Lord Henry","['Dorian Gray', 'Basil Hallward']","Implicit","nan","[['Basil']]","[[[58663, 58668]]]","[[['Basil Hallward']]]"
"Q190","Remember what I asked you, when we were in the garden this morning.","['Remember what I asked you, when we were in the garden this morning.']","[[58673, 58740]]","Basil Hallward","['Dorian Gray', 'Lord Henry']","Implicit","nan","[['you', 'we']]","[[[58695, 58698], [58705, 58707]]]","[[['Lord Henry'], ['Basil Hallward', 'Lord Henry']]]"
"Q191","I have forgotten it.","['I have forgotten it.']","[[58744, 58764]]","Lord Henry","['Dorian Gray', 'Basil Hallward']","Implicit","nan","[[]]","[[]]","[[]]"
"Q192","I trust you.","['I trust you.']","[[58768, 58780]]","Basil Hallward","['Dorian Gray', 'Lord Henry']","Implicit","nan","[['you']]","[[[58776, 58779]]]","[[['Lord Henry']]]"
"Q193","I wish I could trust myself, Come, Mr.
Gray, my hansom is outside, and I can drop you at your own place.
Good-bye, Basil. It has been a most interesting afternoon.","['I wish I could trust myself,', 'Come, Mr.\nGray, my hansom is outside, and I can drop you at your own place.\nGood-bye, Basil. It has been a most interesting afternoon.']","[[58784, 58812], [58842, 58976]]","Lord Henry","['Dorian Gray', 'Basil Hallward']","Explicit","said Lord Henry","[[], ['Mr.\nGray', 'you', 'your', 'Basil']]","[[], [[58848, 58856], [58895, 58898], [58902, 58906], [58928, 58933]]]","[[], [['Dorian Gray'], ['Dorian Gray'], ['Dorian Gray'], ['Basil Hallward']]]"
